strategy,tf,trades,net_%,win_%,avg_win/avg_loss,profit_factor,max_dd_%,sharpe,expectancy_%,long_n,short_n,long_net_%,short_net_%
EMA 9/21 cross,1m,25076,-100.0,27.27,2.54,0.95,100.0,-22.95,-0.01,12538,12538,-57.16,-46.99
EMA 20/50 cross,1m,10962,-99.74,26.28,2.73,0.97,99.77,-8.14,-0.0,5481,5481,-38.25,-21.03
EMA 50/200 cross,1m,3486,-48.39,24.7,3.22,1.06,63.44,-0.63,0.02,1743,1743,6.01,34.09
VWAP reclaim/reject,1m,7182,-57.68,33.76,2.0,1.02,62.3,-2.81,0.0,3613,3569,3.42,8.07
"Supertrend 10,3",1m,16811,-100.0,33.7,1.83,0.93,100.0,-27.65,-0.01,8405,8406,-66.67,-58.65
"Supertrend 7,2",1m,30241,-100.0,33.97,1.79,0.92,100.0,-43.87,-0.01,15120,15121,-78.76,-73.71
"Supertrend 14,3",1m,16803,-100.0,34.27,1.82,0.95,100.0,-27.04,-0.01,8401,8402,-57.43,-47.14
Range breakout 20 (vol),1m,22779,-97.42,32.63,2.01,0.97,97.58,-5.97,-0.0,11114,11665,-52.58,2.11
Range breakout 50 (vol),1m,14636,-90.68,32.48,2.02,0.97,91.23,-4.55,-0.0,7162,7474,-43.74,7.76
Prev-day H/L breakout,1m,1715,-25.34,33.64,1.99,1.01,27.98,-1.32,0.0,828,887,3.4,-2.68
Opening-range breakout,1m,5838,-58.55,33.98,2.01,1.03,59.38,-3.18,0.0,2907,2931,3.61,14.48
RSI MR (rsi2),1m,50560,-99.98,42.21,1.42,1.03,99.98,-11.83,0.0,25156,25404,23.33,213.29
RSI MR (rsi7),1m,31737,-99.88,42.62,1.43,1.06,99.89,-11.4,0.01,15971,15766,92.49,172.67
RSI MR (rsi14),1m,10895,-96.97,43.07,1.42,1.07,96.98,-8.5,0.01,5643,5252,35.75,53.53
Bollinger reversal,1m,27188,-99.32,42.85,1.4,1.05,99.39,-8.92,0.0,13984,13204,35.59,141.82
VWAP dev 1.5σ,1m,10002,-89.32,42.37,1.42,1.04,89.73,-7.1,0.0,5027,4975,4.65,33.57
VWAP dev 2.0σ,1m,8475,-80.15,43.37,1.42,1.09,82.58,-5.13,0.01,4249,4226,43.57,32.21
Volume-spike continuation,1m,21467,-98.89,33.03,1.95,0.96,98.96,-7.75,-0.0,10480,10987,-43.99,-23.79
Volume-exhaustion reversal,1m,3,-4.77,0.0,,0.0,4.77,-1.68,-0.78,2,1,-2.07,-0.25
ATR breakout (1×),1m,25267,-100.0,28.07,2.74,1.07,100.0,-29.9,0.01,12475,12792,105.27,108.19
Vol-squeeze breakout,1m,9775,-92.01,28.12,2.47,0.96,92.19,-7.28,-0.0,4818,4957,-20.49,-12.54
High-vol fade,1m,3,-0.11,66.67,0.34,0.68,5.64,0.0,-0.28,2,1,-1.17,0.29
EMA 9/21 cross,5m,5067,-99.9,27.02,2.78,1.03,99.91,-9.14,0.01,2533,2534,-4.38,20.61
EMA 20/50 cross,5m,2229,-93.61,25.8,2.89,1.0,94.47,-3.58,0.0,1114,1115,-18.05,3.59
EMA 50/200 cross,5m,655,35.22,27.94,3.15,1.22,40.86,0.79,0.15,327,328,32.23,56.57
VWAP reclaim/reject,5m,2548,-76.8,32.65,1.94,0.94,79.25,-3.27,-0.02,1295,1253,-33.26,-3.21
"Supertrend 10,3",5m,2649,-99.99,31.22,2.05,0.93,99.99,-11.35,-0.03,1324,1325,-43.99,-29.69
"Supertrend 7,2",5m,4857,-100.0,33.64,1.98,1.0,100.0,-15.61,0.0,2428,2429,-19.06,4.23
"Supertrend 14,3",5m,2689,-99.99,31.46,2.02,0.93,99.99,-11.57,-0.03,1344,1345,-45.4,-31.39
Range breakout 20 (vol),5m,4025,-58.8,33.24,1.99,0.99,67.94,-1.23,-0.0,1935,2090,-14.63,-1.73
Range breakout 50 (vol),5m,2572,-25.46,33.2,2.05,1.02,46.02,-0.35,0.01,1278,1294,-11.63,22.0
Prev-day H/L breakout,5m,790,-16.49,35.44,1.98,1.09,47.84,-0.45,0.03,398,392,11.06,8.99
Opening-range breakout,5m,2214,-58.71,32.29,2.08,0.99,64.75,-2.05,-0.0,1101,1113,14.29,-19.94
RSI MR (rsi2),5m,9344,-99.17,42.24,1.37,1.0,99.27,-6.21,0.0,4510,4834,-22.79,21.93
RSI MR (rsi7),5m,6063,-99.52,41.65,1.37,0.98,99.54,-8.6,-0.01,3119,2944,-26.44,-8.02
RSI MR (rsi14),5m,2168,-86.92,43.22,1.35,1.03,88.84,-4.68,0.01,1124,1044,5.8,4.25
Bollinger reversal,5m,5362,-93.61,43.4,1.36,1.05,93.77,-4.56,0.01,2829,2533,-7.45,69.77
VWAP dev 1.5σ,5m,3874,-80.12,43.13,1.42,1.08,82.19,-3.28,0.02,1984,1890,36.34,28.31
VWAP dev 2.0σ,5m,3265,-89.31,42.79,1.39,1.04,89.52,-4.75,0.01,1664,1601,-2.32,29.23
Volume-spike continuation,5m,3313,-54.89,33.59,2.03,1.03,63.93,-1.3,0.01,1603,1710,-7.25,27.88
Volume-exhaustion reversal,5m,4,-3.56,25.0,1.46,0.49,4.43,-1.17,-0.33,1,3,-0.56,-0.76
ATR breakout (1×),5m,4046,-99.99,25.53,2.93,1.0,99.99,-13.17,0.0,2014,2032,-22.43,15.05
Vol-squeeze breakout,5m,1835,-65.34,28.39,2.38,0.94,66.09,-2.92,-0.01,849,986,-18.46,-6.05
High-vol fade,5m,7,8.44,71.43,1.44,3.61,4.39,0.94,0.9,5,2,5.49,0.74
EMA 9/21 cross,15m,1642,-98.81,26.61,2.84,1.03,98.9,-5.64,0.01,821,821,-10.83,13.89
EMA 20/50 cross,15m,698,-57.04,27.51,3.13,1.19,67.81,-0.86,0.12,349,349,26.63,47.33
EMA 50/200 cross,15m,213,-22.87,30.05,2.47,1.06,51.26,-0.07,0.08,107,106,-6.79,4.34
VWAP reclaim/reject,15m,1101,-76.12,31.79,1.99,0.93,80.86,-2.4,-0.04,572,529,-37.7,0.09
"Supertrend 10,3",15m,765,-98.2,35.82,2.04,1.14,98.24,-4.98,0.1,382,383,17.53,45.72
"Supertrend 7,2",15m,1455,-99.88,33.95,2.09,1.07,99.89,-8.3,0.04,727,728,6.86,34.38
"Supertrend 14,3",15m,773,-98.4,36.22,1.97,1.12,98.46,-5.14,0.08,386,387,12.4,41.32
Range breakout 20 (vol),15m,1236,-42.17,34.79,2.0,1.07,60.75,-0.67,0.03,599,637,2.38,31.77
Range breakout 50 (vol),15m,772,0.6,36.79,1.96,1.14,43.62,0.25,0.07,391,381,15.56,37.21
Prev-day H/L breakout,15m,481,-19.52,36.59,1.82,1.05,45.58,-0.38,0.03,244,237,-6.3,17.07
Opening-range breakout,15m,1075,-25.42,34.23,2.04,1.06,57.1,-0.32,0.03,543,532,2.82,23.99
RSI MR (rsi2),15m,3043,-90.75,43.51,1.33,1.02,92.71,-2.88,0.01,1467,1576,-21.77,46.97
RSI MR (rsi7),15m,1954,-91.6,42.27,1.38,1.01,92.02,-3.89,0.0,996,958,-1.76,2.13
RSI MR (rsi14),15m,763,-77.67,42.07,1.35,0.98,79.23,-3.3,-0.01,386,377,-19.03,12.93
Bollinger reversal,15m,1812,-87.32,42.38,1.29,0.95,90.21,-3.42,-0.02,932,880,-25.48,-10.52
VWAP dev 1.5σ,15m,1874,-88.81,42.21,1.41,1.03,89.86,-3.6,0.01,950,924,-8.4,23.91
VWAP dev 2.0σ,15m,1664,-89.88,42.97,1.32,1.0,91.51,-3.97,-0.0,838,826,-23.11,19.7
Volume-spike continuation,15m,1130,-12.83,35.66,2.0,1.11,43.34,0.02,0.05,529,601,-2.52,69.4
Volume-exhaustion reversal,15m,4,15.4,75.0,2.69,8.07,2.08,1.27,2.2,4,0,8.94,0.0
ATR breakout (1×),15m,1251,-99.56,25.82,3.01,1.05,99.56,-7.6,0.02,620,631,-18.0,40.07
Vol-squeeze breakout,15m,612,-50.68,27.78,2.37,0.91,62.08,-1.77,-0.04,288,324,-22.83,-1.07
High-vol fade,15m,17,-1.86,41.18,1.27,0.89,12.79,-0.11,-0.1,9,8,2.85,-4.82
EMA 9/21 cross,30m,805,-93.61,27.45,2.95,1.12,94.64,-3.4,0.07,402,403,11.3,31.7
EMA 20/50 cross,30m,320,-50.14,29.69,2.76,1.17,71.37,-0.67,0.17,160,160,8.14,30.55
EMA 50/200 cross,30m,112,-37.61,25.0,2.94,0.98,58.73,-0.4,-0.04,56,56,-17.93,-4.91
VWAP reclaim/reject,30m,687,-71.84,32.75,2.0,0.98,77.07,-1.83,-0.02,359,328,-40.52,35.65
"Supertrend 10,3",30m,397,-97.67,33.75,2.03,1.04,97.67,-4.53,0.04,198,199,-10.69,6.43
"Supertrend 7,2",30m,681,-99.27,35.39,2.05,1.12,99.28,-5.71,0.09,340,341,11.22,37.58
"Supertrend 14,3",30m,399,-98.14,34.34,1.95,1.02,98.14,-4.67,0.02,199,200,-14.36,3.46
Range breakout 20 (vol),30m,593,-32.2,34.57,1.91,1.01,63.34,-0.39,0.01,295,298,-29.74,39.09
Range breakout 50 (vol),30m,361,-11.71,36.29,1.88,1.07,42.69,-0.04,0.05,195,166,-5.67,20.03
Prev-day H/L breakout,30m,365,-20.45,35.07,1.86,1.0,42.31,-0.29,0.0,189,176,-22.38,23.53
Opening-range breakout,30m,642,-44.57,34.74,1.88,1.0,62.32,-0.73,-0.0,327,315,-23.36,20.43
RSI MR (rsi2),30m,1534,-95.63,41.2,1.35,0.95,95.75,-3.85,-0.03,758,776,-42.62,-0.06
RSI MR (rsi7),30m,1024,-92.42,41.6,1.36,0.97,93.33,-3.74,-0.02,524,500,-13.94,-11.11
RSI MR (rsi14),30m,439,-73.49,41.23,1.33,0.94,75.77,-2.82,-0.04,223,216,-4.85,-15.34
Bollinger reversal,30m,893,-83.13,42.55,1.27,0.94,84.84,-2.86,-0.03,458,435,-26.06,-7.5
VWAP dev 1.5σ,30m,1110,-93.33,40.54,1.37,0.93,94.26,-4.01,-0.04,569,541,-35.2,-6.37
VWAP dev 2.0σ,30m,1023,-93.46,40.18,1.37,0.92,94.57,-4.06,-0.04,518,505,-40.59,-1.43
Volume-spike continuation,30m,564,-11.03,35.64,1.97,1.09,40.85,0.07,0.06,268,296,-21.37,65.73
Volume-exhaustion reversal,30m,6,1.74,50.0,0.92,0.92,7.43,0.29,-0.06,5,1,-2.42,2.04
ATR breakout (1×),30m,607,-97.89,29.16,2.67,1.1,97.94,-5.32,0.06,288,319,9.63,16.83
Vol-squeeze breakout,30m,313,12.75,32.27,2.44,1.16,30.61,0.5,0.1,162,151,11.32,18.16
High-vol fade,30m,25,-28.95,36.0,0.65,0.37,30.51,-2.16,-0.76,14,11,-14.31,-4.0
EMA 9/21 cross,1h,388,-88.19,28.87,2.73,1.11,89.75,-2.58,0.11,194,194,-1.49,25.1
EMA 20/50 cross,1h,180,-61.84,26.67,2.76,1.0,70.09,-1.09,0.0,90,90,-14.27,-4.54
EMA 50/200 cross,1h,56,8.63,30.36,3.13,1.37,52.34,0.45,0.87,28,28,7.2,19.97
VWAP reclaim/reject,1h,414,-90.42,29.47,2.08,0.87,92.0,-3.1,-0.14,213,201,-49.65,-0.83
"Supertrend 10,3",1h,194,-90.12,36.08,2.08,1.18,91.48,-2.71,0.26,97,97,4.15,28.61
"Supertrend 7,2",1h,350,-98.61,34.0,1.97,1.02,98.61,-4.97,0.02,175,175,-15.97,3.86
"Supertrend 14,3",1h,198,-93.07,37.37,1.83,1.09,94.11,-3.16,0.14,99,99,-7.92,18.62
Range breakout 20 (vol),1h,287,-1.59,34.84,2.03,1.09,43.06,0.25,0.08,142,145,7.31,9.47
Range breakout 50 (vol),1h,174,-6.0,35.06,1.95,1.05,41.08,0.06,0.05,84,90,14.45,-8.33
Prev-day H/L breakout,1h,264,-34.06,32.95,2.06,1.01,60.44,-0.55,0.01,132,132,-10.33,7.42
Opening-range breakout,1h,387,-47.16,32.56,2.04,0.99,51.78,-0.67,-0.01,201,186,-14.7,0.43
RSI MR (rsi2),1h,773,-67.55,42.95,1.39,1.04,73.52,-1.13,0.03,371,402,-23.41,49.23
RSI MR (rsi7),1h,496,-87.39,41.13,1.29,0.9,90.0,-2.99,-0.08,251,245,-37.49,-1.88
RSI MR (rsi14),1h,233,-65.51,40.77,1.28,0.88,69.0,-2.18,-0.11,115,118,-16.45,-10.66
Bollinger reversal,1h,459,-73.68,42.48,1.27,0.94,76.06,-1.96,-0.05,222,237,-24.69,-1.18
VWAP dev 1.5σ,1h,627,-87.0,41.79,1.29,0.92,90.67,-2.61,-0.07,306,321,-50.09,20.63
VWAP dev 2.0σ,1h,585,-87.73,41.88,1.26,0.91,90.24,-2.8,-0.08,285,300,-48.39,12.62
Volume-spike continuation,1h,305,24.39,37.38,2.01,1.2,36.73,0.66,0.19,147,158,19.95,36.76
Volume-exhaustion reversal,1h,6,-7.51,16.67,1.86,0.37,13.06,-0.87,-0.98,3,3,0.02,-5.84
ATR breakout (1×),1h,317,-93.17,29.02,3.04,1.24,93.32,-3.62,0.21,150,167,29.16,31.74
Vol-squeeze breakout,1h,146,1.84,31.51,2.47,1.13,32.93,0.23,0.12,75,71,4.42,9.92
High-vol fade,1h,39,-15.92,41.03,0.99,0.69,38.04,-0.59,-0.41,24,15,-16.16,0.4
